<?xml version="1.0" encoding="UTF-8" standalone="no"?>
<jbi xmlns="http://java.sun.com/xml/ns/jbi" xmlns:ns0="http://enterprise.netbeans.org/bpel/SFTPMess-OnDemandGet-FileWrite/SFTPMess-OnDemandGet-FileWrite" xmlns:ns1="http://j2ee.netbeans.org/wsdl/SFTPMess-OnDemandGet-FileWrite/src/SFTPMess-OnDemandGet" xmlns:ns2="http://j2ee.netbeans.org/wsdl/SFTPMess-OnDemandGet-FileWrite/src/FileWrite" xmlns:ns3="http://j2ee.netbeans.org/wsdl/SFTPMess-OnDemandGet-FileWrite/src/SoapHTTPReceive" xmlns:ns4="http://www.sun.com/jbi/descriptor/service-unit" version="1.0">
    <services binding-component="false">
        <provides endpoint-name="SoapHTTPReceivePortTypeRole1_myRole" interface-name="ns3:SoapHTTPReceivePortType1" service-name="ns0:SoapHTTPRecvPL">
            <ns4:display-name>SoapHTTPRecvPL</ns4:display-name>
            <ns4:process-name>SFTPMess-OnDemandGet-FileWrite</ns4:process-name>
            <ns4:file-path>SFTPMess-OnDemandGet-FileWrite.bpel</ns4:file-path>
        </provides>
        <consumes endpoint-name="GetMessagingPortTypeRole_partnerRole" interface-name="ns1:GetMessagingPortType" service-name="ns0:SFTPMessOnDemandGetPL">
            <ns4:display-name>SFTPMessOnDemandGetPL</ns4:display-name>
            <ns4:process-name>SFTPMess-OnDemandGet-FileWrite</ns4:process-name>
            <ns4:file-path>SFTPMess-OnDemandGet-FileWrite.bpel</ns4:file-path>
        </consumes>
        <consumes endpoint-name="FileOutboundPortTypeRole_partnerRole" interface-name="ns2:FileOutboundPortType" service-name="ns0:FileWritePL">
            <ns4:display-name>FileWritePL</ns4:display-name>
            <ns4:process-name>SFTPMess-OnDemandGet-FileWrite</ns4:process-name>
            <ns4:file-path>SFTPMess-OnDemandGet-FileWrite.bpel</ns4:file-path>
        </consumes>
    </services>
</jbi>
